{
    "title.riotClient": "Client Riot",
    "title.riotClientInstaller": "Programme d'installation du client Riot",
    "title.riotClientProductInstaller": "Programme d'installation de %1",
    "progress.installing": "INSTALLATION",
    "progress.uninstalling": "DÉSINSTALLATION",
    "progress.preparing": "PRÉPARATION",
    "progress.repairing": "RÉPARATION",
    "progress.updating": "MISE À JOUR",
    "progress.cleaning_up": "NETTOYAGE",
    "progress.copying_files": "Copie des fichiers...",
    "progress.eta": "%02d:%02d",
    "progress.eta_long": "Plus de 1 jour",
    "progress.hours_abbr": "H",
    "progress.minutes_abbr": "MIN",
    "progress.seconds_abbr": "S",
    "install_intro.advanced_options": "OPTIONS AVANCÉES",
    "install_intro.browse_install_folder": "Sélection du dossier d'installation",
    "install_intro.install": "Installer",
    "install_intro.install_path": "CHEMIN D'INSTALLATION",
    "error.clickForLog": "Cliquez pour voir le journal.",
    "error.exit": "Quitter",
    "error.ok": "OK",
    "error.restart": "Réessayer",
    "finished.finish": "Terminé",
    "finished.uninstall.title": "DÉSINSTALLATION RÉUSSIE",
    "finished.uninstall.text": "Le jeu a bien été désinstallé.",
    "selfUpdateError.contactSupportLinkText": "contacter nos spécialistes du Support",
    "selfUpdateError.contactSupportLinkPublicUrl": "https://support.riotgames.com/hc/fr/requests/new",
    "selfUpdateError.driveFull.header": "DISQUE DUR PLEIN",
    "selfUpdateError.driveFull.body": "Il n'y a pas assez de place sur votre disque dur pour effectuer cette action.",
    "selfUpdateError.repair.header": "RÉPARATION REQUISE",
    "selfUpdateError.repair.body": "Certains fichiers de cette installation sont corrompus ou manquants et nous devons corriger cela. Redémarrer peut parfois régler ce problème. Si ce problème persiste après le redémarrage, veuillez <link> et nous vous aiderons à corriger cela.",
    "selfUpdateError.noInternet.header": "AUCUNE CONNEXION INTERNET",
    "selfUpdateError.noInternet.body": "Impossible de se connecter à Internet pour installer la mise à jour nécessaire à nos jeux. Veuillez vérifier vos paramètres Internet et réessayer.",
    "selfUpdateError.couldNotUpdate.header": "MISE À JOUR IMPOSSIBLE",
    "selfUpdateError.couldNotUpdate.body": "Une erreur s'est produite lors de la mise à jour, même après réparation. Veuillez <link> afin qu'il puisse vous aider à régler ce problème.",
    "selfUpdateError.declinedUAC.header": "INSTALLATION IMPOSSIBLE",
    "selfUpdateError.declinedUAC.body": "Pour permettre à cette application d'apporter des changements sur votre appareil, cliquez sur Oui quand cela vous est demandé. Si ce problème persiste, veuillez vérifier votre système ou <link>.",
    "selfUpdateError.updateServerDown.header": "SERVEUR DE MISE À JOUR INDISPONIBLE",
    "selfUpdateError.updateServerDown.body": "Hmmm, nos serveurs semblent indisponibles actuellement et nous n'avons pas pu récupérer une mise à jour requise pour lancer les jeux. Nous vous présentons nos excuses et nous travaillons à résoudre ce problème le plus vite possible. Veuillez réessayer ultérieurement.",
    "selfUpdateError.unableToAccess.header": "PROCESSUS DÉJÀ EN COURS D'EXÉCUTION",
    "selfUpdateError.unableToAccess.body": "L'installation n'a pas pu se faire, car un processus Riot Client est déjà en cours d'exécution. Veuillez fermer tous les processus Riot Client et réessayer.",
    "selfUpdateError.genericFailure.header": "INSTALLATION IMPOSSIBLE",
    "selfUpdateError.genericFailure.body": "Un problème est survenu pendant l'installation. Veuillez réessayer. Si le problème persiste, redémarrez votre ordinateur ou <link>.",
    "selfUpdateError.spaceAvailable": "ESPACE DISPONIBLE : %1",
    "shortcut.name": "Client Riot",
    "waitForGamesToExit.title": "JEUX EN COURS D'EXÉCUTION",
    "waitForGamesToExit.body": "Impossible de quitter le client Riot quand un jeu est en cours d'exécution. Veuillez quitter vos jeux et réessayer.",
    "waitForGameToExit.title": "%1 EST EN COURS D'EXÉCUTION",
    "waitForGameToExit.body": "Impossible de quitter le client Riot quand un jeu est en cours d'exécution. Veuillez quitter %1 et réessayer.",
    "waitForGamesToExit.okay": "OK",
    "waitForGamesToExit.exitOnGameClose": "Quitter une fois tous les jeux fermés ?",
    "lifecycle.invalidLaunchTitle": "Lancement incorrect",
    "lifecycle.invalidLaunch": "Impossible de lancer le jeu de cette façon. Veuillez lancer le jeu directement.",
    "lifecycle.directLaunchDisabledTitle": "Impossible de lancer le jeu directement",
    "lifecycle.directLaunchDisabled": "Nous ne pouvons pas lancer le jeu directement. Veuillez lancer le jeu depuis le client approprié.",
    "systemTray.title": "Riot Games",
    "systemTray.allGames": "Tous les jeux",
    "systemTray.installGame": "Installer %1",
    "systemTray.restartForUpdates": "Redémarrage requis pour les mises à jour",
    "systemTray.show": "Voir",
    "systemTray.showLogs": "Voir les journaux",
    "systemTray.settings": "Paramètres",
    "systemTray.swagger": "Swagger",
    "systemTray.signOut": "Déconnexion",
    "systemTray.signIn": "Connexion",
    "systemTray.exit": "Quitter",
    "uninstallError.couldNotFindProduct.header": "PRODUIT INTROUVABLE",
    "uninstallError.couldNotFindProduct.body": "La désinstallation n'a pas pu se faire car le produit n'a pas été trouvé. Si ce problème persiste, veuillez <link> pour qu'ils vous aident à régler ce problème.",
    "uninstallError.couldNotUninstall.header": "DÉSINSTALLATION IMPOSSIBLE",
    "uninstallError.couldNotUninstall.body": "Un événement inattendu s'est produit et la désinstallation n'a pas pu se faire. Veuillez <link> pour qu'ils vous aident à régler ce problème.",
    "uninstallError.productIsRunning.header": "PRODUIT EN COURS D'EXÉCUTION",
    "uninstallError.productIsRunning.body": "La désinstallation n'a pas pu se faire car le produit est toujours en cours d'exécution. Veuillez fermer le produit et réessayer.",
    "uninstallError.RiotClientIsRunning.header": "CLIENT RIOT EN COURS D'EXÉCUTION",
    "uninstallError.RiotClientIsRunning.body": "Impossible de procéder à la désinstallation, car le client Riot est toujours en cours d'exécution. Veuillez quitter le client Riot et réessayer.",
    "uninstall_intro.uninstall": "DÉSINSTALLER",
    "repairPermissions.error.header": "ÉCHEC DE LA RÉPARATION",
    "repairPermissions.error.body": "Nous n'avons pas pu réparer le problème d'autorisation d'accès au dossier. Vous allez devoir lancer le programme avec les autorisations de réparation sur un compte administrateur. Si ce problème persiste, veuillez <link> pour qu'ils vous aident à régler ce problème.",
    "backgroundRunningModal.title": "Client Riot toujours en cours d'exécution",
    "backgroundRunningModal.description": "Le client Riot restera en cours d'exécution dans la zone de notification pour vous permettre de lancer vos jeux plus vite. \n\nVous pouvez changer ceci dans vos paramètres à tout moment.",
    "uninstallError.productStillRemain.header": "Impossible de désinstaller le client Riot",
    "uninstallError.productStillRemain.body": "Avant de désinstaller le client Riot, vous devrez d'abord désinstaller tous les jeux Riot Games installés sur votre machine."
}
