{
    "title.riotClient": "Klien Riot",
    "title.riotClientInstaller": "Penginstal Klien Riot",
    "title.riotClientProductInstaller": "Penginstal %1",
    "progress.installing": "MENGINSTAL",
    "progress.uninstalling": "SEDANG MENGUNISTAL",
    "progress.preparing": "MEMPERSIAPKAN",
    "progress.repairing": "MEMPERBAIKI",
    "progress.updating": "MEMPERBARUI",
    "progress.cleaning_up": "MERAPIKAN",
    "progress.copying_files": "Menyalin Berkas...",
    "progress.eta": "%02d:%02h",
    "progress.eta_long": "Lebih dari 1 hari",
    "progress.hours_abbr": "JAM",
    "progress.minutes_abbr": "MNT",
    "progress.seconds_abbr": "DTK",
    "install_intro.advanced_options": "OPSI LANJUTAN",
    "install_intro.browse_install_folder": "Pilih lokasi instalasi",
    "install_intro.install": "Instal",
    "install_intro.install_path": "JALUR INSTALASI",
    "error.clickForLog": "Klik untuk melihat catatan.",
    "error.exit": "Keluar",
    "error.ok": "OKE",
    "error.restart": "Coba lagi",
    "finished.finish": "Selesai",
    "finished.uninstall.title": "UNINSTAL BERHASIL",
    "finished.uninstall.text": "Game ini sudah berhasil diuninstal.",
    "selfUpdateError.contactSupportLinkText": "hubungi player support kami",
    "selfUpdateError.contactSupportLinkPublicUrl": "https://support.riotgames.com/hc/en-us/requests/new",
    "selfUpdateError.driveFull.header": "SEPERTINYA PENYIMPANAN PENUH",
    "selfUpdateError.driveFull.body": "Ruang diska tak cukup untuk menyelesaikan tindakan ini.",
    "selfUpdateError.repair.header": "PERLU PERBAIKAN",
    "selfUpdateError.repair.body": "Beberapa berkas dalam instalasi ini rusak atau hilang dan kami harus memperbaikinya. Terkadang memulai ulang bisa mengatasi masalah. Jika masalah berlanjut setelah memulai ulang, <link> dan kami bisa membantumu menyelesaikan masalah ini.",
    "selfUpdateError.noInternet.header": "INTERNET TAK DITEMUKAN",
    "selfUpdateError.noInternet.body": "Kami tak bisa menyambungkan ke internet untuk mendapatkan pembaruan yang diperlukan game. Periksa pengaturan internet dan coba lagi.",
    "selfUpdateError.couldNotUpdate.header": "TAK BISA DIPERBARUI",
    "selfUpdateError.couldNotUpdate.body": "Terjadi masalah dengan pembaruan, bahkan setelah perbaikan. <link> agar mereka dapat membantumu menyelesaikan masalah ini.",
    "selfUpdateError.declinedUAC.header": "TAK BISA MENGINSTAL",
    "selfUpdateError.declinedUAC.body": "Untuk mengizinkan apl melakukan perubahan pada perangkat, klik ya saat diminta. Jika masalah berlanjut, periksa pengaturan sistem atau <link>.",
    "selfUpdateError.updateServerDown.header": "SERVER PEMBARUAN TAK BEKERJA",
    "selfUpdateError.updateServerDown.body": "Hm, sepertinya server kami sedang tak bekerja dan kami tak bisa melakukan pembaruan yang diperlukan untuk meluncurkan game. Mohon maaf, kami sedang berusaha menyelesaikan masalah ini secepat mungkin. Coba lagi nanti.",
    "selfUpdateError.unableToAccess.header": "PROSES SEDANG BERJALAN",
    "selfUpdateError.unableToAccess.body": "Kami tak bisa menginstal saat Proses Klien Riot sedang berjalan. Tutup semua proses Klien Riot dan coba lagi.",
    "selfUpdateError.genericFailure.header": "TAK BISA MENGINSTAL",
    "selfUpdateError.genericFailure.body": "Terjadi kesalahan saat instalasi. Coba lagi, dan jika masalah berlanjut mulai ulang komputermu atau <link>.",
    "selfUpdateError.spaceAvailable": "KAPASITAS TERSEDIA: %1",
    "shortcut.name": "App Riot",
    "waitForGamesToExit.title": "GAME SEDANG BERJALAN",
    "waitForGamesToExit.body": "Kamu tak bisa keluar dari Klien Riot saat game sedang berjalan. Tutup game dan coba lagi.",
    "waitForGameToExit.title": "%1 SEDANG BERJALAN",
    "waitForGameToExit.body": "Kamu tak bisa keluar dari Klien Riot saat game sedang berjalan. Tutup %1 dan coba lagi.",
    "waitForGamesToExit.okay": "Oke",
    "waitForGamesToExit.exitOnGameClose": "Keluar saat semua game sudah ditutup?",
    "lifecycle.invalidLaunchTitle": "Peluncuran tak sah",
    "lifecycle.invalidLaunch": "Kami tak bisa meluncurkan game dengan cara ini. Luncurkan game secara langsung.",
    "lifecycle.directLaunchDisabledTitle": "Gagal meluncurkan game secara langsung",
    "lifecycle.directLaunchDisabled": "Kami tak bisa meluncurkan game secara langsung. Mulai game melalui peluncur yang sesuai.",
    "systemTray.title": "Riot Games",
    "systemTray.allGames": "Semua Game",
    "systemTray.installGame": "Instal %1",
    "systemTray.restartForUpdates": "Restart untuk Melihat Pembaruan",
    "systemTray.show": "Tunjukkan",
    "systemTray.showLogs": "Tampilkan Catatan",
    "systemTray.settings": "Pengaturan",
    "systemTray.swagger": "Swagger",
    "systemTray.signOut": "Keluar",
    "systemTray.signIn": "Masuk",
    "systemTray.exit": "Keluar",
    "uninstallError.couldNotFindProduct.header": "PRODUK TAK DITEMUKAN",
    "uninstallError.couldNotFindProduct.body": "Kami tak bisa menguninstal karena produk tak ditemukan. Jika masalah berlanjut, <link> pihak yang bisa menyelesaikan masalah ini.",
    "uninstallError.couldNotUninstall.header": "TAK BISA MENGUNINSTAL",
    "uninstallError.couldNotUninstall.body": "Terjadi sesuatu yang tak biasa sehingga kami tak berhasil memperbarui. <link> pihak yang bisa menyelesaikan masalah ini.",
    "uninstallError.productIsRunning.header": "PRODUK SEDANG BERJALAN",
    "uninstallError.productIsRunning.body": "Kami tak bisa menguninstal karena produk sedang berjalan. Tutup produk dan coba lagi.",
    "uninstallError.RiotClientIsRunning.header": "RIOT CLIENT SEDANG BERJALAN",
    "uninstallError.RiotClientIsRunning.body": "Kami tak bisa menghapus instalan karena Riot Client masih berjalan. Tutup Riot Client, lalu coba lagi.",
    "uninstall_intro.uninstall": "UNINSTAL",
    "repairPermissions.error.header": "PERBAIKAN GAGAL",
    "repairPermissions.error.body": "Kami tak bisa memperbaiki perizinan folder. Kamu harus menjalankan --perbaikan-perizinan menggunakan akun Administrator. Jika masalah berlanjut, <link> pihak yang bisa menyelesaikan masalah ini.",
    "backgroundRunningModal.title": "Klien Riot Sedang Berjalan",
    "backgroundRunningModal.description": "Riot Client akan terus berjalan di tray sistem agar kamu bisa meluncurkan game lebih cepat. \n\nKamu bisa mengubah ini di Pengaturan kapan saja.",
    "uninstallError.productStillRemain.header": "Tidak bisa uninstall Klien Riot",
    "uninstallError.productStillRemain.body": "Sebelum uninstall Klien Riot, kamu harus uninstall semua Riot Games yang terinstal di komputermu terlebih dahulu."
}
