{
    "title.riotClient": "Riot Client\n",
    "title.riotClientInstaller": "Pemasang Riot Client\n",
    "title.riotClientProductInstaller": "Pemasang %1",
    "progress.installing": "MEMASANG",
    "progress.uninstalling": "MENYAHPASANG",
    "progress.preparing": "MENYEDIAKAN",
    "progress.repairing": "MEMBAIKI",
    "progress.updating": "MENGEMAS KINI",
    "progress.cleaning_up": "MENYUSUN FAIL",
    "progress.copying_files": "Menyalin fail...",
    "progress.eta": "%02d:%02d",
    "progress.eta_long": "Lebih daripada 1 hari",
    "progress.hours_abbr": "JAM",
    "progress.minutes_abbr": "MIN",
    "progress.seconds_abbr": "S",
    "install_intro.advanced_options": "OPSYEN LANJUTAN",
    "install_intro.browse_install_folder": "Pilih lokasi pemasangan",
    "install_intro.install": "Pasang",
    "install_intro.install_path": "LALUAN PEMASANGAN",
    "error.clickForLog": "Klik untuk melihat log.",
    "error.exit": "Keluar",
    "error.ok": "OK",
    "error.restart": "Cuba lagi",
    "finished.finish": "Selesai",
    "finished.uninstall.title": "NYAHPASANG BERJAYA",
    "finished.uninstall.text": "Permainan telah berjaya dinyahpasang.",
    "selfUpdateError.contactSupportLinkText": "hubungi pakar sokongan pemain kami",
    "selfUpdateError.contactSupportLinkPublicUrl": "https://support.riotgames.com/hc/en-us/requests/new",
    "selfUpdateError.driveFull.header": "PEMACU NAMPAKNYA PENUH",
    "selfUpdateError.driveFull.body": "Ruang pada cakera tidak mencukupi untuk melakukan tindakan ini.",
    "selfUpdateError.repair.header": "PERLU DIBAIKI",
    "selfUpdateError.repair.body": "Beberapa fail dalam pemasangan ini telah korup atau hilang dan kami perlu membaikinya. Kadangkala, memulakan semula dapat menyelesaikan masalah ini. Jika anda masih menghadapi masalah ini selepas memulakan semula, sila <link> dan kita boleh bekerjasama untuk menyelesaikan masalah ini.",
    "selfUpdateError.noInternet.header": "TIADA SAMBUNGAN INTERNET",
    "selfUpdateError.noInternet.body": "Kami tidak dapat bersambung ke Internet untuk memdapatkan kemas kini yang diperlukan untuk memainkan permainan. Sila periksa sambungan Internet anda dan cuba lagi.",
    "selfUpdateError.couldNotUpdate.header": "TIDAK DAPAT MENGEMAS KINI",
    "selfUpdateError.couldNotUpdate.body": "Sesuatu telah berlaku pada kemas kini, walaupun telah dibaiki. Sila <link> supaya mereka dapat membantu anda.",
    "selfUpdateError.declinedUAC.header": "TIDAK DAPAT MEMASANG",
    "selfUpdateError.declinedUAC.body": "Bagi membenarkan aplikasi ini membuat perubahan ke peranti anda, klik ya apabila digesa. Jika masalah ini berterusan, sila semak sistem setting anda atau <pautan>.",
    "selfUpdateError.updateServerDown.header": "KEMAS KINI SERVER TERGENDALA",
    "selfUpdateError.updateServerDown.body": "Hmm, server kami tergendala buat masa ini dan kami tidak boleh mendapatkan kemas kini yang diperlukan untuk melancarkan permainan. Kami meminta maaf dan sedang mencuba untuk menyelesaikan masalah ini secepat mungkin. Sila cuba lagi kemudian.",
    "selfUpdateError.unableToAccess.header": "PROSES SEDANG BERJALAN",
    "selfUpdateError.unableToAccess.body": "Kami tidak berjaya memasang ketika Proses Client Riot sedang dijalankan. Sila tutup semua proses-proses Klien Riot Client dan cuba lagi.",
    "selfUpdateError.genericFailure.header": "TIDAK DAPAT MEMASANG",
    "selfUpdateError.genericFailure.body": "Sesuatu yang tidak kena berlaku sewaktu pemasangan. Sila cuba lagi dan jika ralat berterusan, mula semula komputer anda atau <pautan>.",
    "selfUpdateError.spaceAvailable": "RUANG TERSEDIA: %1",
    "shortcut.name": "Klien Riot",
    "waitForGamesToExit.title": "PERMAINAN SEDANG BERJALAN",
    "waitForGamesToExit.body": "Anda tidak dapat keluar dari Riot Client\nketika permainan masih berjalan. Sila tutup permainan anda dan cuba lagi.",
    "waitForGameToExit.title": "%1 SEDANG BERJALAN",
    "waitForGameToExit.body": "Anda tidak dapat keluar dari Riot Client  ketika permainan masih berjalan. Sila tutup %1 dan cuba lagi.",
    "waitForGamesToExit.okay": "Okey",
    "waitForGamesToExit.exitOnGameClose": "Keluar apabila semua permainan ditutup?",
    "lifecycle.invalidLaunchTitle": "Pelancaran tidak sah",
    "lifecycle.invalidLaunch": "Kami tidak dapat melancarkan permainan dengan cara ini. Sila lancarkan permainan secara langsung.",
    "lifecycle.directLaunchDisabledTitle": "Tidak dapat melancarkan permainan secara langsung.",
    "lifecycle.directLaunchDisabled": "Kami tidak dapat melancarkan permainan secara langsung. Sila mulakan permainan menerusi pelancar yang sepatutnya.",
    "systemTray.title": "Riot Games",
    "systemTray.allGames": "Semua Permainan",
    "systemTray.installGame": "Memasang %1",
    "systemTray.restartForUpdates": "Restart untuk Kemas Kini",
    "systemTray.show": "Papar",
    "systemTray.showLogs": "Papar Log",
    "systemTray.settings": "Setting",
    "systemTray.swagger": "Swagger",
    "systemTray.signOut": "Daftar Keluar",
    "systemTray.signIn": "Daftar Masuk",
    "systemTray.exit": "Keluar",
    "uninstallError.couldNotFindProduct.header": "PRODUK TIDAK DITEMUI",
    "uninstallError.couldNotFindProduct.body": "Kami tidak dapat menyahpasang kerana produk tidak ditemui. Jika anda masih menghadapi masalah ini, sila <link> yang boleh membantu anda.",
    "uninstallError.couldNotUninstall.header": "TIDAK DAPAT MENYAHPASANG",
    "uninstallError.couldNotUninstall.body": "Sesuatu yang pelik telah berlaku dan kami tidak berjaya menyahpasangnya. Sila hubungi <link> yang boleh membantu anda.",
    "uninstallError.productIsRunning.header": "PRODUK SEDANG BERJALAN",
    "uninstallError.productIsRunning.body": "Kami tidak berjaya menyahpasang kerana produk masih berjalan. Sila tutup produk dan cuba lagi.",
    "uninstallError.RiotClientIsRunning.header": "KLIEN RIOT SEDANG BERJALAN",
    "uninstallError.RiotClientIsRunning.body": "Kami tidak dapat menyahpasang kerana Klien Riot masih berjalan. Sila tutup Klien Riot dan cuba lagi.",
    "uninstall_intro.uninstall": "NYAHPASANG",
    "repairPermissions.error.header": "GAGAL DIBAIKI",
    "repairPermissions.error.body": "Kami tidak dapat membaiki kebenaran folder. Anda mungkin perlu menjalankan dengan --kebenaran-baiki menggunakan akaun Pentadbir. Jika anda masih menghadapi masalah ini, sila <link> yang boleh membantu anda.",
    "backgroundRunningModal.title": "Klien Riot Masih Berjalan",
    "backgroundRunningModal.description": "Klien Riot akan terus berjalan dalam tray sistem anda supaya anda boleh melancarkan permainan dengan lebih pantas. \n\nAnda boleh menukar ini dalam Tetapan pada bila-bila masa.",
    "uninstallError.productStillRemain.header": "Tidak dapat menyahpasang Klien Riot",
    "uninstallError.productStillRemain.body": "Sebelum menyahpasang Klien Riot, anda perlu menyahpasang mana-mana Permainan Riot yang dipasang pada mesin anda terlebih dahulu."
}
