{
    "title.riotClient": "Client Riot",
    "title.riotClientInstaller": "Program de instalare pentru clientul Riot",
    "title.riotClientProductInstaller": "Program de instalare pentru %1",
    "progress.installing": "SE INSTALEAZĂ",
    "progress.uninstalling": "SE DEZINSTALEAZĂ",
    "progress.preparing": "ÎN CURS DE PREGĂTIRE",
    "progress.repairing": "ÎN CURS DE REPARARE",
    "progress.updating": "SE ACTUALIZEAZĂ",
    "progress.cleaning_up": "FINALIZARE",
    "progress.copying_files": "Se copiază fișierele...",
    "progress.eta": "%02d:%02d",
    "progress.eta_long": "Mai mult de 1 zi",
    "progress.hours_abbr": "O",
    "progress.minutes_abbr": "MIN",
    "progress.seconds_abbr": "SEC",
    "install_intro.advanced_options": "OPȚIUNI AVANSATE",
    "install_intro.browse_install_folder": "Selectează folderul de instalare",
    "install_intro.install": "Instalează",
    "install_intro.install_path": "CALEA DE INSTALARE",
    "error.clickForLog": "Dă clic pentru a vedea log-urile.",
    "error.exit": "Ieși",
    "error.ok": "OK",
    "error.restart": "Încearcă din nou",
    "finished.finish": "Gata",
    "finished.uninstall.title": "DEZINSTALARE REUȘITĂ",
    "finished.uninstall.text": "Jocul a fost dezinstalat cu succes.",
    "selfUpdateError.contactSupportLinkText": "contactezi echipa de asistență pentru jucători",
    "selfUpdateError.contactSupportLinkPublicUrl": "https://support.riotgames.com/hc/ro/requests/new",
    "selfUpdateError.driveFull.header": "DISCUL PARE PLIN",
    "selfUpdateError.driveFull.body": "Nu există suficient spațiu pe disc pentru a finaliza această acțiune.",
    "selfUpdateError.repair.header": "CLIENTUL TREBUIE REPARAT",
    "selfUpdateError.repair.body": "Unele fișiere din această instalare sunt corupte sau lipsesc și trebuie reparate. Uneori, poți rezolva problema repornind clientul. Dacă problema continuă și după ce îl repornești, te rugăm să <link>, iar noi te vom ajuta să o rezolvi.",
    "selfUpdateError.noInternet.header": "NU EXISTĂ CONEXIUNE LA INTERNET",
    "selfUpdateError.noInternet.body": "Nu ne-am putut conecta la internet pentru a descărca actualizarea de care ai nevoie pentru a te juca. Te rugăm să verifici setările rețelei de internet și să încerci din nou.",
    "selfUpdateError.couldNotUpdate.header": "ACTUALIZARE NEREUȘITĂ",
    "selfUpdateError.couldNotUpdate.body": "A intervenit o problemă în timpul actualizării, chiar și după reparare. Te rugăm să <link>, care te poate ajuta să rezolvi problema.",
    "selfUpdateError.declinedUAC.header": "NU S-A PUTUT INSTALA",
    "selfUpdateError.declinedUAC.body": "Pentru a-i permite acestei aplicații să facă modificări pe dispozitiv, dă clic pe ''Da'' când ți se solicită. Dacă problema continuă, te rugăm să verifici setările de sistem sau să <link>.",
    "selfUpdateError.updateServerDown.header": "SERVER DE ACTUALIZARE INDISPONIBIL",
    "selfUpdateError.updateServerDown.body": "Se pare că serverele noastre nu sunt disponibile momentan; de aceea, nu am putut descărca actualizarea necesară pentru a porni jocurile. Ne cerem scuze și încercăm să rezolvăm problema cât mai repede posibil. Te rugăm să încerci din nou mai târziu.",
    "selfUpdateError.unableToAccess.header": "RULEAZĂ DEJA UN ALT PROCES",
    "selfUpdateError.unableToAccess.body": "Actualizarea nu s-a putut instala cu succes, deoarece rulează deja un alt proces al clientului Riot. Te rugăm să închizi toate procesele clientului Riot și să încerci din nou.",
    "selfUpdateError.genericFailure.header": "NU S-A PUTUT INSTALA",
    "selfUpdateError.genericFailure.body": "Ceva n-a mers bine în timpul instalării. Te rugăm să încerci din nou. Dacă eroarea continuă să apară, repornește-ți calculatorul sau <link>.",
    "selfUpdateError.spaceAvailable": "SPAȚIU DISPONIBIL: %1",
    "shortcut.name": "Client Riot",
    "waitForGamesToExit.title": "JOCURI RULEAZĂ",
    "waitForGamesToExit.body": "Nu poți închide clientul Riot în timp ce un joc rulează. Te rugăm să închizi jocurile și să încerci din nou.",
    "waitForGameToExit.title": "%1 RULEAZĂ",
    "waitForGameToExit.body": "Nu poți închide clientul Riot în timp ce un joc rulează. Te rugăm să închizi %1 și să încerci din nou.",
    "waitForGamesToExit.okay": "OK",
    "waitForGamesToExit.exitOnGameClose": "Vrei să ieși când toate jocurile sunt închise?",
    "lifecycle.invalidLaunchTitle": "Lansare nevalidă",
    "lifecycle.invalidLaunch": "Nu putem lansa jocul în acest mod. Te rugăm să lansezi jocul direct.",
    "lifecycle.directLaunchDisabledTitle": "Jocul nu poate fi lansat direct",
    "lifecycle.directLaunchDisabled": "Nu putem lansa jocul direct. Pornește jocul prin launcher-ul corespunzător.",
    "systemTray.title": "Riot Games",
    "systemTray.allGames": "Toate jocurile",
    "systemTray.installGame": "Instalează %1",
    "systemTray.restartForUpdates": "Repornește pentru actualizări",
    "systemTray.show": "Afișează",
    "systemTray.showLogs": "Afișează log-uri",
    "systemTray.settings": "Setări",
    "systemTray.swagger": "Swagger",
    "systemTray.signOut": "Deconectează-te",
    "systemTray.signIn": "Conectează-te",
    "systemTray.exit": "Ieși",
    "uninstallError.couldNotFindProduct.header": "PRODUSUL NU A PUTUT FI GĂSIT",
    "uninstallError.couldNotFindProduct.body": "Produsul nu a fost găsit și prin urmare nu poate fi dezinstalat. Dacă întâmpini în continuare această problemă, te rugăm să <link>, care te poate ajuta să o rezolvi.",
    "uninstallError.couldNotUninstall.header": "NU S-A PUTUT DEZINSTALA",
    "uninstallError.couldNotUninstall.body": "A intervenit o problemă neobișnuită și nu am putut finaliza dezinstalarea. Te rugăm să <link>, care te poate ajuta să rezolvi problema.",
    "uninstallError.productIsRunning.header": "PRODUSUL RULEAZĂ",
    "uninstallError.productIsRunning.body": "Produsul e activ și rulează și prin urmare nu poate fi dezinstalat. Te rugăm să închizi produsul și să încerci din nou.",
    "uninstallError.RiotClientIsRunning.header": "CLIENTUL RIOT RULEAZĂ",
    "uninstallError.RiotClientIsRunning.body": "Clientul Riot încă rulează și prin urmare nu poate fi dezinstalat. Te rugăm să închizi clientul Riot și să încerci din nou.",
    "uninstall_intro.uninstall": "DEZINSTALARE",
    "repairPermissions.error.header": "OPERAȚIUNEA DE REPARARE A EȘUAT",
    "repairPermissions.error.body": "Nu am putut repara permisiunile folder-ului. Este posibil să fie necesar să repari permisiunile folosind un cont de administrator. Dacă întâmpini în continuare această problemă, te rugăm să <link>, care te poate ajuta să o rezolvi.",
    "backgroundRunningModal.title": "Clientul Riot încă rulează",
    "backgroundRunningModal.description": "Clientul Riot va rula în continuare în bara de sistem, ca să poți deschide jocurile mai repede. \n\nPoți schimba oricând această opțiune din setări.",
    "uninstallError.productStillRemain.header": "Clientul Riot n-a putut fi dezinstalat",
    "uninstallError.productStillRemain.body": "Înainte de a dezinstala clientul Riot, mai întâi trebuie să dezinstalezi toate jocurile Riot de pe computerul tău."
}
